,fecha,latitud,longitud,url,titulo,tipo_propiedad,precio,moneda,m2,ambientes
0,2020_04_25,-38.416097,-63.616672,https://departamento.mercadolibre.com.ar/MLA-745551373-excelente-3-ambtestorre-sur-dorm-en-suite-130-mts-cbtoscochera-fija-_JM,Excelente 3 Ambtes.torre Sur. Dorm En Suite. 130 Mts Cbtos.cochera Fija,Departamento,2300.0,USD,130,3
3,2020_04_25,-34.5982399,-58.409251,https://departamento.mercadolibre.com.ar/MLA-784047054-3-ambientes-balcon-semi-amoblado-4-personas-sin-garantia-_JM,"3 Ambientes Balcon, Semi-amoblado, 4 Personas, Sin Garantia",Departamento,40000.0,ARS,60,3
5,2020_04_25,-34.5902439,-58.3934647,https://departamento.mercadolibre.com.ar/MLA-784175531-excelente-piso-todo-sol-silencioso-inmejorable-recoleta-_JM,Excelente Piso - Todo Sol-silencioso-inmejorable Recoleta,Departamento,950.0,USD,100,3
6,2020_04_25,-34.5900832,-34.5900832,https://departamento.mercadolibre.com.ar/MLA-784178306-alquiler-temporario-2-dorm-balcon-en-palermo-buenos-aires-_JM,"Alquiler Temporario 2 Dorm Balcón En Palermo, Buenos Aires",Departamento,3000.0,ARS,62,3
8,2020_04_25,-34.5880835,-58.4331469,https://departamento.mercadolibre.com.ar/MLA-784428267-nuevo-depto-corazon-de-palermo-soho-desayuno-street-park-_JM,Nuevo Depto! Corazon De Palermo Soho. Desayuno & Street Park,Departamento,5000.0,ARS,70,3
11,2020_04_25,-34.5887745,-58.4252602,https://departamento.mercadolibre.com.ar/MLA-784428312-plaza-armenia-corazon-de-palermo-soho-increible-vista-_JM,Plaza Armenia & Corazon De Palermo Soho. Increible Vista!!,Departamento,5000.0,ARS,55,3
17,2020_04_25,47.7510741,-120.7401385,https://departamento.mercadolibre.com.ar/MLA-786269927-jovenes-deptos-compartido-10k-mensuales-servicios-incluidos-_JM,Jovenes Deptos Compartido $10k Mensuales Servicios Incluidos,Departamento,333.0,ARS,50,3
29,2020_04_25,-34.6056804,-58.4058775,https://departamento.mercadolibre.com.ar/MLA-790927172-departamento-alquiler-3-amb-sin-garantia-_JM,Departamento Alquiler  3 Amb Sin Garantía,Departamento,33000.0,ARS,90,3
46,2020_04_25,-34.6048257,-58.4226562,https://departamento.mercadolibre.com.ar/MLA-798620206-alquilo-departamento-3-ambientes-muy-buena-ubicacion-_JM,"Alquilo Departamento 3 Ambientes, Muy Buena Ubicacion",Departamento,2300.0,ARS,57,3
48,2020_04_25,-34.6008074,-58.3711362,https://departamento.mercadolibre.com.ar/MLA-799388666-departamento-alquiler-temporario-centro-buenos-aires-capital-_JM,Departamento Alquiler Temporario Centro Buenos Aires Capital,Departamento,2200.0,ARS,37,3
50,2020_04_25,25.9932364,-80.1177772,https://departamento.mercadolibre.com.ar/MLA-801551176-increible-vista-al-mar-miami-playa-y-pileta-climatizada-_JM,"Increible Vista Al Mar Miami, Playa Y Pileta Climatizada",Departamento,10.0,USD,90,3
51,2020_04_25,-34.6239725,-58.391441,https://departamento.mercadolibre.com.ar/MLA-801586510-alq-temp-dpto-equip-centro-cap-fed-bs-as-x-dia-sem-mes-dueno-_JM,Alq Temp Dpto Equip Centro Cap Fed Bs As X Dia Sem Mes Dueno,Departamento,1800.0,ARS,64,3
53,2020_04_25,-34.6103003,-58.3934682,https://departamento.mercadolibre.com.ar/MLA-802566023-residencia-para-hombres-de-18-a-30-anos-_JM,Residencia Para Hombres De 18 A 30 Años,Departamento,6500.0,ARS,100,3
60,2020_04_25,-34.5485916,-58.4682202,https://departamento.mercadolibre.com.ar/MLA-805947065-alquiler-de-habitaciones-para-2-3-y-4-pers-extranjeros-_JM,"Alquiler De Habitaciones Para 2, 3 Y 4 Pers. /extranjeros",Departamento,500.0,USD,160,3
67,2020_04_25,-34.5919776,-58.4050384,https://departamento.mercadolibre.com.ar/MLA-807007159-departamento-alquiler-temporal-barrio-recoleta-caba-_JM,Departamento Alquiler Temporal. Barrio Recoleta Caba,Departamento,3000.0,ARS,58,3
86,2020_04_25,-34.5919775,-58.4050383,https://departamento.mercadolibre.com.ar/MLA-812722128-departamento-alquiler-temporal-recoleta-laprida-y-arenales-_JM,Departamento Alquiler Temporal  Recoleta Laprida Y Arenales,Departamento,3000.0,ARS,58,3
88,2020_04_25,-34.5922797,-58.3946296,https://departamento.mercadolibre.com.ar/MLA-813866339-departamento-en-alquilera-zona-recoleta-centro-_JM,"Departamento En Alquilera Zona Recoleta , Centro",Departamento,58000.0,ARS,98,3
95,2020_04_25,-34.5865386,-58.3950344,https://departamento.mercadolibre.com.ar/MLA-816689710-alquiler-temporario-depto-3-amb-en-palermo-precio-semanal-_JM,Alquiler Temporario Depto 3 Amb En Palermo Precio Semanal,Departamento,18000.0,ARS,78,3
100,2020_04_25,-34.5799012,-58.423575,https://departamento.mercadolibre.com.ar/MLA-818230506-departamento-3-ambientes-sobre-av-santa-fe-4400-palermo-_JM,Departamento 3 Ambientes Sobre Av. Santa Fe 4400 Palermo,Departamento,35000.0,ARS,82,3
101,2020_04_25,-34.6337353,-58.4748837,https://departamento.mercadolibre.com.ar/MLA-818707334-departamento-3-ambientes-excelente-estado-muy-luminoso-_JM,"Departamento 3 Ambientes, Excelente Estado, Muy Luminoso",Departamento,17500.0,ARS,65,3
106,2020_04_25,-34.6059668,-34.6059668,https://departamento.mercadolibre.com.ar/MLA-819453917-alquiler-temporario-loft-lujo-5p-hospital-italiano-almagro-_JM,Alquiler Temporario Loft Lujo 5/p Hospital Italiano Almagro,Departamento,2416.0,ARS,95,3
107,2020_04_25,-34.5723368,-58.4308013,https://departamento.mercadolibre.com.ar/MLA-819698422-baez-ortega-y-gaset-3-amb-cbalcon-impecable-_JM,Baez & Ortega Y Gaset  3 Amb C/balcon Impecable,Departamento,65.0,USD,74,3
108,2020_04_25,-34.6240844,-58.3898891,https://departamento.mercadolibre.com.ar/MLA-821602190-departamentos-alquil-temporario-centro-cap-fed-bs-as-dia-mes-_JM,Departamentos Alquil Temporario Centro Cap Fed Bs As Dia Mes,Departamento,2100.0,ARS,64,3
117,2020_04_25,-34.5864481,-58.3952121,https://departamento.mercadolibre.com.ar/MLA-824206014-exclusivo-departamento-2-dormitorios-seguridad-24-hs-_JM,"Exclusivo Departamento 2 Dormitorios, Seguridad 24 Hs",Departamento,120.0,USD,130,3
126,2020_04_25,-34.5901891,-58.4103563,https://departamento.mercadolibre.com.ar/MLA-827088941-vende-dueno-alto-palermo-semipiso-antiguo-3-ambientes-_JM,Vende Dueño  Alto Palermo Semipiso Antiguo 3 Ambientes.,Departamento,165000.0,ARS,50,3
134,2020_04_25,-34.591546,-58.4010437,https://departamento.mercadolibre.com.ar/MLA-827655932-departamentos-alquiler-recoleta-_JM,Departamentos Alquiler Recoleta,Departamento,45000.0,ARS,117,3
135,2020_04_25,-38.0017495,-57.5426875,https://departamento.mercadolibre.com.ar/MLA-827867012-dueno-directo-alquila-departamento-3-ambientes-tribunales-_JM,Dueño Directo Alquila Departamento 3 Ambientes Tribunales,Departamento,50.0,ARS,85,3
144,2020_04_25,-34.5544721,-58.4639943,https://departamento.mercadolibre.com.ar/MLA-829926330-alq-temp-dep-3-amb-nunezbelgr-6pers-scabildo-oportunidad-_JM,"Alq Temp Dep 3 Amb, Nuñez/belgr 6pers-s/cabildo-oportunidad",Departamento,2000.0,ARS,50,3
161,2020_04_25,-34.6355314,-58.5248138,https://departamento.mercadolibre.com.ar/MLA-833084289-alquiler-por-dia-departamento-a-estrenar-_JM,Alquiler Por Dia. Departamento A Estrenar,Departamento,2500.0,ARS,70,3
168,2020_04_25,-34.5985264,-58.4404789,https://departamento.mercadolibre.com.ar/MLA-834191610-departamento-alquiler-temporal-zona-palermo-wit-_JM,Departamento Alquiler Temporal Zona Palermo Wit,Departamento,2900.0,ARS,90,3
173,2020_04_25,-34.5636819,-58.4424914,https://departamento.mercadolibre.com.ar/MLA-834471657-dpto-apto-profesional-zabala-1700-y-avluis-ma-campos-3-am-_JM,Dpto Apto Profesional Zabala 1700 Y Av.luis Ma. Campos- 3 Am,Departamento,25000.0,ARS,55,3
178,2020_04_25,-34.622968,-58.3966526,https://departamento.mercadolibre.com.ar/MLA-835090157-hermoso-departamento-de-3-ambientes-con-pileta-_JM,Hermoso Departamento De 3 Ambientes Con Pileta,Departamento,35000.0,ARS,60,3
184,2020_04_25,-34.8315657,-55.2120456,https://departamento.mercadolibre.com.ar/MLA-835622828-las-canitas-2-dorm-2-banos-_JM,Las Cañitas 2 Dorm 2 Baños,Departamento,7000.0,ARS,85,3
190,2020_04_25,-34.5877183,-58.3908458,https://departamento.mercadolibre.com.ar/MLA-836273656-recoleta-piso-de-3-amb-balcon-vista-abierta-_JM,Recoleta Piso De 3 Amb * Balcon * Vista Abierta,Departamento,1800.0,USD,116,3
192,2020_04_25,-34.555907,-58.448381,https://departamento.mercadolibre.com.ar/MLA-836443815-alq-temporario-3-amb-tot-equip-zona-belgrano-_JM,"Alq. Temporario , 3 Amb Tot Equip. Zona Belgrano",Departamento,65000.0,ARS,60,3
202,2020_04_25,-34.629733,-58.450726,https://departamento.mercadolibre.com.ar/MLA-837301242-departamento-2-amb-sum-pileta-caballito-con-renta-_JM,"Departamento 2 Amb Sum Pileta, Caballito Con Renta",Departamento,219000.0,USD,77,3
216,2020_04_25,-34.5990535,-58.4397944,https://departamento.mercadolibre.com.ar/MLA-838216003-departamento-en-alquiler-temporal-palermo-quin-_JM,Departamento En Alquiler Temporal Palermo Quin ,Departamento,2900.0,ARS,90,3
221,2020_04_25,-34.5771469,-58.4011905,https://departamento.mercadolibre.com.ar/MLA-838422326-palacio-alcorta-3-ext-terraza-parrilla-coch-_JM,Palacio Alcorta- 3° Ext Terraza Parrilla Coch,Departamento,2000.0,USD,147,3
223,2020_04_25,-34.6058675,-58.4266298,https://departamento.mercadolibre.com.ar/MLA-838642144-venta-departamento-almagro-oportunidad-inversores-gran-renta-_JM,Venta Departamento  Almagro Oportunidad Inversores Gran Renta,Departamento,105000.0,USD,42,3
230,2020_04_25,-34.6047797,-58.4260569,https://departamento.mercadolibre.com.ar/MLA-839364744-alquiler-temporal-departamento-en-almagro-_JM,Alquiler Temporal Departamento En Almagro,Departamento,1300.0,ARS,55,3
232,2020_04_25,-34.5888532,-58.3849402,https://departamento.mercadolibre.com.ar/MLA-839487437-duplex-recoleta-posadas-_JM,Duplex Recoleta Posadas,Departamento,78000.0,ARS,85,3
241,2020_04_25,-34.5550372,-58.4693197,https://departamento.mercadolibre.com.ar/MLA-840195727-amplio-3-amb-con-parrillaprecio-x-dia-1o-2-per-consultar-_JM,Amplio 3 Amb. Con Parrilla.precio X Dia 1o 2 Per + Consultar,Departamento,2920.0,ARS,90,3
246,2020_04_25,-34.5808469,-58.4046736,https://departamento.mercadolibre.com.ar/MLA-840599776-alquiler-departamento-3-amb-equipado-y-amoblado-palermo-chico-_JM,Alquiler-departamento 3 Amb.  Equipado Y Amoblado - Palermo Chico,Departamento,3000.0,USD,165,3
257,2020_04_25,-34.585832,-58.401213,https://departamento.mercadolibre.com.ar/MLA-841076577-departamento-2-dor-austria-y-pagano-_JM,Departamento 2 Dor Austria Y Pagano,Departamento,1800.0,USD,90,3
262,2020_04_25,-34.5894896,-58.4958946,https://departamento.mercadolibre.com.ar/MLA-841217835-hermoso-departamento-3-ambientes-_JM,Hermoso Departamento 3 Ambientes,Departamento,35000.0,ARS,60,3
265,2020_04_25,-34.6197759,-58.4301264,https://departamento.mercadolibre.com.ar/MLA-841349516-departamento-en-alquiler-en-caballito-_JM,Departamento En Alquiler En Caballito,Departamento,22000.0,ARS,50,3
266,2020_04_25,-34.6044228,-58.3922957,https://departamento.mercadolibre.com.ar/MLA-841371048-calla-y-corrientes-3-ambientes-a-metros-del-subte-_JM,Calla Y Corrientes 3 Ambientes A Metros Del Subte,Departamento,22000.0,ARS,55,3
268,2020_04_25,-34.5513731,-58.4457565,https://departamento.mercadolibre.com.ar/MLA-841402881-departmento-amoblado-3-amb-belgrano-bajas-expensas-duenio-_JM,"Departmento Amoblado 3 Amb. Belgrano, Bajas Expensas, Duenio",Departamento,38000.0,ARS,60,3
272,2020_04_25,-34.5863439,-58.4400986,https://departamento.mercadolibre.com.ar/MLA-841469931-loft-pent-house-espectacular-en-alquiler-palermo-hollywood-_JM,Loft Pent House Espectacular En Alquiler Palermo Hollywood,Departamento,58000.0,ARS,98,3
281,2020_04_25,-34.6101811,-58.5225475,https://departamento.mercadolibre.com.ar/MLA-841649860-depto-3-ambientes-_JM,Depto. 3 Ambientes ,Departamento,30000.0,ARS,65,3
283,2020_04_25,-34.6005138,-58.3987867,https://departamento.mercadolibre.com.ar/MLA-841766193-exelente-3-ambientes-ideal-estudiantes-_JM,Exelente  3 Ambientes . Ideal Estudiantes.,Departamento,39000.0,ARS,58,3
284,2020_04_25,-34.5604302,-58.4663747,https://departamento.mercadolibre.com.ar/MLA-841774948-departamento-3-amb-65-mts-balcon-cfte-belgrano-_JM,Departamento - 3 Amb.  65 Mts   Balcón - Cfte. - Belgrano,Departamento,35000.0,ARS,70,3
301,2020_04_25,-34.5520313,-58.4661056,https://departamento.mercadolibre.com.ar/MLA-842071583-alquiler-temporal-_JM,Alquiler Temporal,Departamento,49500.0,ARS,107,3
306,2020_04_25,-34.577883,-58.408561,https://departamento.mercadolibre.com.ar/MLA-842216981-departamento-1-suite-y-dependencias-buenas-dimensiones-_JM,Departamento 1 Suite Y Dependencias Buenas Dimensiones,Departamento,70000.0,ARS,100,3
312,2020_04_25,-34.5963038,-58.4018531,https://departamento.mercadolibre.com.ar/MLA-842429127-alquiler-3-ambientes-muy-luminosos-marcelo-t-de-alvear-_JM, alquiler - 3 Ambientes- Muy Luminosos - Marcelo T De Alvear,Departamento,32000.0,ARS,78,3
318,2020_04_25,-34.611243,-58.360545,https://departamento.mercadolibre.com.ar/MLA-842546357-alquiler-amoblado-le-parc-puerto-madero-2-dormitorios-piso-alto--_JM,Alquiler Amoblado - Le Parc Puerto Madero 2 Dormitorios. Piso Alto !!,Departamento,2900.0,USD,130,3
322,2020_04_25,-34.61689,-58.362699,https://departamento.mercadolibre.com.ar/MLA-842547733-departamento-en-alquiler-ubicado-en-puerto-madero-capital-federal-_JM,"Departamento  En Alquiler Ubicado En Puerto Madero, Capital Federal",Departamento,69000.0,ARS,90,3
323,2020_04_25,-34.610305,-58.362902,https://departamento.mercadolibre.com.ar/MLA-842548624-bayres-madero-2-dormitorios-en-venta-con-renta--_JM,Bayres Madero - 2 Dormitorios En Venta Con Renta !,Departamento,470000.0,USD,103,3
325,2020_04_25,-34.61212,-58.360934,https://departamento.mercadolibre.com.ar/MLA-842548807-mulieris-2-dormitorios-en-suite-totalmente-amoblado-_JM,Mulieris 2 Dormitorios En Suite Totalmente Amoblado,Departamento,2750.0,USD,160,3
326,2020_04_25,-34.6028387,-58.3637206,https://departamento.mercadolibre.com.ar/MLA-842557494-terrazas-yacht-hermoso-3-ambientes-de-categoria-al-este-95m2-alq-24-meses-o-temporario-_JM,Terrazas Yacht - Hermoso 3 Ambientes De Categoría Al Este - 95m2 - Alq 24 Meses O Temporario,Departamento,2800.0,USD,95,3
328,2020_04_25,-34.5773937,-58.4295757,https://departamento.mercadolibre.com.ar/MLA-842573582-dueno-alquila-departamento-amueblado-palermo-hollywood-_JM,Dueño Alquila Departamento Amueblado Palermo Hollywood,Departamento,1500.0,USD,75,3
337,2020_04_25,-34.6178902,-58.4460074,https://departamento.mercadolibre.com.ar/MLA-842725894-departamento-en-caballito-3-ambientes-2-banos-3-balcones-_JM,Departamento En Caballito 3 Ambientes 2 Baños 3 Balcones,Departamento,35000.0,ARS,87,3
344,2020_04_25,-34.6039578,-58.3849311,https://departamento.mercadolibre.com.ar/MLA-842864998-alquiler-dpto-3-ambientes--_JM,Alquiler - Dpto. 3 Ambientes -,Departamento,15500.0,ARS,58,3
347,2020_04_25,-34.6159817,-58.4546914,https://departamento.mercadolibre.com.ar/MLA-842903377-semipiso-a-metros-de-plaza-irlanda-_JM,Semipiso A Metros De Plaza Irlanda,Departamento,42000.0,ARS,120,3
349,2020_04_25,-34.5689437,-58.4508923,https://departamento.mercadolibre.com.ar/MLA-842904158-alquilo-departamento-en-belgrano-mts-subte-y-metrobus-_JM,Alquilo Departamento En Belgrano! Mts Subte Y Metrobús,Departamento,35000.0,ARS,75,3
350,2020_04_25,-34.5675321,-58.4547305,https://departamento.mercadolibre.com.ar/MLA-842907310-alquiler-3-ambientes-grandes-luminoso-frente-balcon-_JM,"Alquiler, 3 Ambientes, Grandes, Luminoso, Frente, Balcon",Departamento,31000.0,ARS,93,3
352,2020_04_25,-34.6052882,-58.379279,https://departamento.mercadolibre.com.ar/MLA-842916108-aquiler-departamento-3-ambientes-en-el-centro-_JM,Aquiler Departamento 3 Ambientes En El Centro,Departamento,25000.0,ARS,55,3
356,2020_04_25,-34.6410754,-58.5183806,https://departamento.mercadolibre.com.ar/MLA-843011814-dueno-directo-alquila-depto-3-amb-ccochera-_JM,Dueño Directo Alquila Depto 3 Amb C/cochera,Departamento,35000.0,ARS,100,3
357,2020_04_25,-34.6017713,-58.3905262,https://departamento.mercadolibre.com.ar/MLA-843020030-excelente-tres-ambientes-en-primer-piso-zona-tribunales-_JM,Excelente Tres Ambientes En Primer Piso. Zona Tribunales,Departamento,22000.0,ARS,72,3
360,2020_04_25,-34.5808503,-58.4040504,https://departamento.mercadolibre.com.ar/MLA-843060314-espectacular-departamento-160m-con-terraza-de-60m-cochera-y-vigilancia-_JM,Espectacular Departamento 160m² Con Terraza De 60m² Cochera Y Vigilancia.,Departamento,168000.0,ARS,200,3
373,2020_04_25,-34.610781,-58.363576,https://departamento.mercadolibre.com.ar/MLA-843351766-ba-houses-duplex-de-2-dormitorios-en-alquiler-sobre-el-dique--_JM,Ba Houses Duplex De 2 Dormitorios En Alquiler Sobre El Dique !,Departamento,100000.0,ARS,170,3
374,2020_04_25,-34.5942193,-58.4150655,https://departamento.mercadolibre.com.ar/MLA-843362441-shopping-alto-palermo-3-amb-de-calidad-camenities-y-cochera-_JM,Shopping Alto Palermo 3 Amb De Calidad C/amenities Y Cochera,Departamento,81000.0,ARS,65,3
375,2020_04_25,-34.5583793,-58.454132,https://departamento.mercadolibre.com.ar/MLA-843375173-alq-dpto-tres-ambcocheraapto-profexcel-ubicaciontorre-_JM,"Alq Dpto Tres Amb,cochera,apto Prof,excel Ubicacion,torre",Departamento,35000.0,ARS,80,3
376,2020_04_25,-34.587221,-58.4229793,https://departamento.mercadolibre.com.ar/MLA-843400288-duena-alquila-luminoso-3-ambcon-balcon-palermo-soho-_JM,Dueña Alquila Luminoso 3 Amb.con Balcón - Palermo Soho.,Departamento,55000.0,ARS,71,3
379,2020_04_25,-34.655076,-58.4983949,https://departamento.mercadolibre.com.ar/MLA-843439151-mataderos-3-ambientes-sin-expensas-dueno-directo-alquila-_JM,"Mataderos 3 Ambientes, Sin Expensas, Dueño Directo, Alquila",Departamento,22000.0,ARS,83,3
388,2020_04_25,-34.623816,-58.377166,https://departamento.mercadolibre.com.ar/MLA-843792588-3-ambientes-con-renta-san-telmo-_JM,3 Ambientes Con Renta - San Telmo,Departamento,100000.0,USD,57,3
396,2020_04_25,-34.617677,-58.3786773,https://departamento.mercadolibre.com.ar/MLA-843909511-luminoso-departamento-excelente-ubicacion-muy-bien-equipado-_JM,Luminoso Departamento Excelente Ubicación Muy Bien Equipado,Departamento,3600.0,ARS,56,3
418,2020_04_25,-34.5972848,-58.3732908,https://departamento.mercadolibre.com.ar/MLA-844496572-departamento-3-ambientes-amoblado-en-el-centro-4-personas-_JM,Departamento 3 Ambientes Amoblado En El Centro. 4 Personas.,Departamento,70000.0,ARS,60,3
420,2020_04_25,-34.5890825,-58.4115534,https://departamento.mercadolibre.com.ar/MLA-844533909-excelente-semip-frte-3-amb-amoblado-incl-exp-agua-y-abl-_JM,"Excelente Semip Frte 3 Amb. Amoblado  Incl. Exp, Agua Y Abl",Departamento,70000.0,ARS,75,3
421,2020_04_25,-34.6115905,-58.3625591,https://departamento.mercadolibre.com.ar/MLA-844536533-departamentos-alquiler-puerto-madero-_JM,Departamentos Alquiler Puerto Madero,Departamento,2200.0,USD,110,3
422,2020_04_25,-34.5642855,-58.4517329,https://departamento.mercadolibre.com.ar/MLA-844571452-departamento-3-ambientes-amoblado-belgrano-_JM,"Departamento 3 Ambientes, Amoblado, Belgrano",Departamento,1900.0,ARS,65,3
429,2020_04_25,-34.6177194,-58.3620561,https://departamento.mercadolibre.com.ar/MLA-844864742-departamentos-alquiler-puerto-madero-_JM,Departamentos Alquiler Puerto Madero,Departamento,1500.0,USD,117,3
430,2020_04_25,-34.6177194,-58.3620561,https://departamento.mercadolibre.com.ar/MLA-844864745-departamentos-alquiler-puerto-madero-_JM,Departamentos Alquiler Puerto Madero,Departamento,89000.0,ARS,123,3
431,2020_04_25,-34.610011,-58.3617522,https://departamento.mercadolibre.com.ar/MLA-844943087-departamentos-alquiler-puerto-madero-_JM,Departamentos Alquiler Puerto Madero,Departamento,2500.0,USD,144,3
440,2020_04_25,-34.5931111,-58.5020873,https://departamento.mercadolibre.com.ar/MLA-845268373-dueno-alquila-dpto-3-amb-en-v-pueyrredon-baja-expensa-_JM,Dueño Alquila -  Dpto 3 Amb En V. Pueyrredón  - Baja Expensa,Departamento,20000.0,ARS,60,3
447,2020_04_25,-34.6041615,-58.3866606,https://departamento.mercadolibre.com.ar/MLA-845496797-hermosa-ubicacion-y-vista-de-3-ambientes-_JM,Hermosa Ubicación Y Vista De 3 Ambientes,Departamento,2000.0,ARS,50,3
448,2020_04_25,-34.600536,-58.416253,https://departamento.mercadolibre.com.ar/MLA-845532874-alquiler-almagro-3-amb-cbalcon-amplio-y-luminoso-_JM,Alquiler Almagro 3 Amb. C/balcón Amplio Y Luminoso,Departamento,26500.0,ARS,69,3
450,2020_04_25,-34.6029486,-58.5048144,https://departamento.mercadolibre.com.ar/MLA-845671672-departamento-alquiler-3-ambientes-frente-balcon-y-cochera-villa-devoto-_JM,Departamento Alquiler 3 Ambientes Frente Balcón Y Cochera - Villa Devoto,Departamento,39000.0,ARS,0,3
452,2020_04_25,-34.6048936,-58.4261288,https://departamento.mercadolibre.com.ar/MLA-845677777-departamento-temporario-dia-semana-mes-mts-hpital-italiano-_JM,Departamento Temporario Dia Semana Mes Mts. Hpital Italiano,Departamento,1600.0,ARS,70,3
466,2020_04_25,-34.5621878,-58.4525547,https://departamento.mercadolibre.com.ar/MLA-846828061-arcos-1900-belgrano-alquiler-increible-penthouse-en-la-casa-del-angel-_JM,Arcos 1900 - Belgrano. Alquiler Increíble Penthouse En La Casa Del Angel.,Departamento,120000.0,ARS,200,3
469,2020_04_25,-34.6045547,-58.3802473,https://departamento.mercadolibre.com.ar/MLA-846842715-departamentos-alquiler-temporal-san-nicolas-_JM,Departamentos Alquiler Temporal San Nicolás,Departamento,30000.0,ARS,85,3
476,2020_04_25,-34.594181,-58.4446388,https://departamento.mercadolibre.com.ar/MLA-847519142-3-amb-d-u-e-n-o-frente-balcon-c-proteccion-subtemetrobus-_JM,"3 Amb D U E Ñ O Frente, Balcón C/ Proteccion Subte/metrobus",Departamento,22500.0,ARS,65,3
478,2020_04_25,-34.5858475,-58.3942152,https://departamento.mercadolibre.com.ar/MLA-847749830-alquiler-temporario-_JM,Alquiler Temporario,Departamento,50000.0,ARS,68,3
483,2020_04_25,-34.6105824,-58.3615739,https://departamento.mercadolibre.com.ar/MLA-848008702-departamentos-alquiler-temporal-puerto-madero-_JM,Departamentos Alquiler Temporal Puerto Madero,Departamento,4500.0,USD,140,3
487,2020_04_25,-34.5981537,-58.3972715,https://departamento.mercadolibre.com.ar/MLA-848122246-departamento-recoleta-consultorio-medico-ideal-tambien-inversor-para-renta-_JM,Departamento - Recoleta Consultorio Medico. Ideal Tambien Inversor Para Renta,Departamento,165000.0,USD,62,3
489,2020_04_25,-34.5506152,-58.4463265,https://departamento.mercadolibre.com.ar/MLA-848128557-3-amb-us-118-000-excelente-para-rentabajo-belgrano-_JM,3 Amb : U$s 118 000: Excelente  Para Renta!!bajo Belgrano:,Departamento,118000.0,USD,43,3
492,2020_04_25,-34.5654888,-58.4339417,https://departamento.mercadolibre.com.ar/MLA-848447042-departamentos-alquiler-temporal-palermo-_JM,Departamentos Alquiler Temporal Palermo,Departamento,1080.0,USD,110,3
500,2020_04_25,-34.6037903,-58.427078,https://departamento.mercadolibre.com.ar/MLA-848703327-alq-dto-de-3-ambientes-con-patio-terraza-muy-luminoso-_JM,Alq. Dto De 3 Ambientes Con Patio Terraza Muy Luminoso,Departamento,40000.0,ARS,80,3
505,2020_04_25,-34.6115386,-58.3621419,https://departamento.mercadolibre.com.ar/MLA-849205718-departamentos-alquiler-puerto-madero-_JM,Departamentos Alquiler Puerto Madero,Departamento,1400.0,USD,80,3
514,2020_04_25,-34.5763354,-58.4415223,https://departamento.mercadolibre.com.ar/MLA-849930788-alquiler-temporal-3-ambientes-palermo-hollywood-_JM,Alquiler Temporal 3 Ambientes Palermo Hollywood ,Departamento,40000.0,ARS,65,3
517,2020_04_25,-34.6129843,-58.3609278,https://departamento.mercadolibre.com.ar/MLA-850161072-alquilo-piso-torre-mulieris-amoblado-y-equipado-impecable-_JM,Alquilo Piso Torre Mulieris Amoblado Y Equipado Impecable!!,Departamento,2900.0,USD,172,3
519,2020_04_25,-34.583762,-58.420074,https://departamento.mercadolibre.com.ar/MLA-850250502-departamentos-alquiler-palermo-_JM,Departamentos Alquiler Palermo,Departamento,25000.0,ARS,68,3
521,2020_04_25,-34.583762,-58.420074,https://departamento.mercadolibre.com.ar/MLA-850252407-departamentos-alquiler-palermo-chico-_JM,Departamentos Alquiler Palermo Chico,Departamento,25000.0,ARS,68,3
522,2020_04_25,-34.583762,-58.420074,https://departamento.mercadolibre.com.ar/MLA-850252408-departamentos-alquiler-palermo-soho-_JM,Departamentos Alquiler Palermo Soho,Departamento,25000.0,ARS,68,3
523,2020_04_25,-34.5968032,-58.4236267,https://departamento.mercadolibre.com.ar/MLA-850252568-departamentos-alquiler-almagro-_JM,Departamentos Alquiler Almagro,Departamento,25000.0,ARS,64,3
529,2020_04_25,-34.5758212,-58.422374,https://departamento.mercadolibre.com.ar/MLA-850280752-departamentos-alquiler-palermo-_JM,Departamentos Alquiler Palermo,Departamento,3900.0,USD,126,3
530,2020_04_25,-34.5664783,-58.4341001,https://departamento.mercadolibre.com.ar/MLA-850281852-departamentos-alquiler-las-canitas-_JM,Departamentos Alquiler Las Cañitas,Departamento,2500.0,USD,130,3
533,2020_04_25,-34.6032854,-58.3633761,https://departamento.mercadolibre.com.ar/MLA-850324344-departamentos-alquiler-puerto-madero-_JM,Departamentos Alquiler Puerto Madero,Departamento,2500.0,USD,90,3
535,2020_04_25,-34.6032854,-58.3633761,https://departamento.mercadolibre.com.ar/MLA-850325808-departamentos-alquiler-temporal-puerto-madero-_JM,Departamentos Alquiler Temporal Puerto Madero,Departamento,3000.0,USD,90,3
539,2020_04_25,-34.581632,-58.4127173,https://departamento.mercadolibre.com.ar/MLA-850347757-en-palacio-de-los-gansos-alquiler-amoblado-coch-vigilancia-parque-juegos-ninos-_JM,En Palacio De Los Gansos Alquiler Amoblado Coch Vigilancia Parque Juegos Niños,Departamento,1500.0,USD,178,3
543,2020_04_25,-34.5779911,-58.4277246,https://departamento.mercadolibre.com.ar/MLA-850382645-departamentos-alquiler-palermo-_JM,Departamentos Alquiler Palermo,Departamento,27000.0,ARS,60,3
574,2020_04_25,-34.6217229,-58.4443891,https://departamento.mercadolibre.com.ar/MLA-850476851-excelente-departamento-apto-profesional-en-zona-parque-rivadavia-_JM,Excelente Departamento Apto Profesional En Zona Parque Rivadavia,Departamento,25000.0,ARS,0,3
579,2020_04_25,-34.5594421,-58.4817313,https://departamento.mercadolibre.com.ar/MLA-850488729-3-ambientes-con-cochera-y-baulera-en-complejo-tronador-_JM,3 Ambientes Con Cochera Y Baulera En Complejo Tronador,Departamento,50000.0,ARS,119,3
592,2020_04_25,-34.5618902,-58.4579081,https://departamento.mercadolibre.com.ar/MLA-850545250-departamentos-alquiler-belgrano-_JM,Departamentos Alquiler Belgrano,Departamento,25000.0,ARS,60,3
603,2020_04_25,-34.608625,-58.387891,https://departamento.mercadolibre.com.ar/MLA-850559039-alquiler-depto-3-amb-apto-profesional-monserrat-_JM,Alquiler Depto 3 Amb Apto Profesional Monserrat,Departamento,15000.0,ARS,55,3
607,2020_04_25,-34.5669789,-58.4520852,https://departamento.mercadolibre.com.ar/MLA-850620249-excelente-semipiso-3-ambientes-con-cochera-fija-en-belgrano-_JM,Excelente Semipiso 3 Ambientes Con Cochera Fija En Belgrano!,Departamento,58000.0,ARS,81,3
609,2020_04_25,-34.563248,-58.4623505,https://departamento.mercadolibre.com.ar/MLA-850620268-3-ambientes-av-cramer-al-2200-_JM,3 Ambientes | Av. Cramer Al 2200,Departamento,67000.0,ARS,111,3
611,2020_04_25,-34.56393,-58.4620905,https://departamento.mercadolibre.com.ar/MLA-850620985-3-ambientes-avenida-cramer-al-2200-_JM,3 Ambientes | Avenida Cramer Al 2200,Departamento,72000.0,ARS,111,3
612,2020_04_25,-34.5478849,-58.4678615,https://departamento.mercadolibre.com.ar/MLA-850621021-departamento-belgrano-_JM,Departamento - Belgrano,Departamento,35000.0,ARS,55,3
616,2020_04_25,-34.5734616,-58.419545,https://departamento.mercadolibre.com.ar/MLA-850670822-alquiler-temporario-en-palermo-_JM,Alquiler Temporario En Palermo,Departamento,65000.0,ARS,65,3
618,2020_04_25,-34.5733814,-58.4216911,https://departamento.mercadolibre.com.ar/MLA-850672372-segui-4600-palermo-alquiler-departamento-premium-torre-deco-_JM,Segui 4600 - Palermo - Alquiler Departamento Premium Torre Deco.,Departamento,1950.0,USD,110,3
628,2020_04_25,-34.5933097,-58.4048946,https://departamento.mercadolibre.com.ar/MLA-850727265-departamentos-alquiler-barrio-norte-_JM,Departamentos Alquiler Barrio Norte,Departamento,29000.0,ARS,67,3
629,2020_04_25,-34.5953065,-58.3857296,https://departamento.mercadolibre.com.ar/MLA-850728129-departamentos-alquiler-barrio-norte-_JM,Departamentos Alquiler Barrio Norte,Departamento,35000.0,ARS,78,3
630,2020_04_25,-34.5933032,-58.3861542,https://departamento.mercadolibre.com.ar/MLA-850728153-departamentos-alquiler-recoleta-_JM,Departamentos Alquiler Recoleta,Departamento,47000.0,ARS,97,3
631,2020_04_25,-34.59338,-58.4030473,https://departamento.mercadolibre.com.ar/MLA-850728811-departamentos-alquiler-recoleta-_JM,Departamentos Alquiler Recoleta,Departamento,25000.0,ARS,82,3
632,2020_04_25,-34.5920413,-58.4063598,https://departamento.mercadolibre.com.ar/MLA-850728858-departamentos-alquiler-barrio-norte-_JM,Departamentos Alquiler Barrio Norte,Departamento,22000.0,ARS,64,3
635,2020_04_25,-34.6403353,-58.5186181,https://departamento.mercadolibre.com.ar/MLA-850740172-departamentos-alquiler-liniers-_JM,Departamentos Alquiler Liniers,Departamento,21000.0,ARS,58,3
638,2020_04_25,-34.6354046,-58.4689995,https://departamento.mercadolibre.com.ar/MLA-850746591-departamentos-alquiler-flores-_JM,Departamentos Alquiler Flores,Departamento,35000.0,ARS,82,3
648,2020_04_25,-34.552067,-58.45142,https://departamento.mercadolibre.com.ar/MLA-850763080-departamentos-alquiler-nunez-_JM,Departamentos Alquiler Nuñez,Departamento,23500.0,ARS,50,3
651,2020_04_25,-34.5828362,-58.4322929,https://departamento.mercadolibre.com.ar/MLA-850784838-dplex-2-amb-torre-hollywood-ii-palermo-dde-1-4-2020-_JM,Dplex. 2 Amb - Torre Hollywood Ii - Palermo Dde. 1-4-2020,Departamento,1050.0,USD,66,3
652,2020_04_25,-34.5859801,-58.428131,https://departamento.mercadolibre.com.ar/MLA-850795269-departamentos-alquiler-palermo-soho-_JM,Departamentos Alquiler Palermo Soho,Departamento,33000.0,ARS,85,3
668,2020_04_25,-34.6045656,-58.3642063,https://departamento.mercadolibre.com.ar/MLA-850852448-departamentos-alquiler-puerto-madero-_JM,Departamentos Alquiler Puerto Madero,Departamento,2950.0,USD,184,3
670,2020_04_25,-34.5911958,-58.386458,https://departamento.mercadolibre.com.ar/MLA-850852775-departamentos-alquiler-recoleta-_JM,Departamentos Alquiler Recoleta,Departamento,70000.0,ARS,94,3
672,2020_04_25,-34.5994853,-58.3645525,https://departamento.mercadolibre.com.ar/MLA-850852808-departamentos-alquiler-puerto-madero-_JM,Departamentos Alquiler Puerto Madero,Departamento,2500.0,USD,145,3
674,2020_04_25,-34.6045656,-58.3642063,https://departamento.mercadolibre.com.ar/MLA-850852839-departamentos-alquiler-puerto-madero-_JM,Departamentos Alquiler Puerto Madero,Departamento,2650.0,USD,181,3
677,2020_04_25,-34.59184,-58.386515,https://departamento.mercadolibre.com.ar/MLA-850852916-departamentos-alquiler-recoleta-_JM,Departamentos Alquiler Recoleta,Departamento,57000.0,ARS,145,3
687,2020_04_25,-34.640129,-58.5194984,https://departamento.mercadolibre.com.ar/MLA-850869017-hermoso-3-ambientes-al-frente-con-cochera-_JM,Hermoso 3 Ambientes Al Frente Con Cochera,Departamento,22000.0,ARS,74,3
688,2020_04_25,-34.5689677,-58.457854,https://departamento.mercadolibre.com.ar/MLA-850873106-belgrano-3-amb-amoblado-valor-paquete-_JM,Belgrano 3 Amb. Amoblado Valor Paquete,Departamento,2200.0,USD,75,3
690,2020_04_25,-34.5855314,-58.4387608,https://inmueble.mercadolibre.com.ar/MLA-850877488-alquiler-de-departamento-tipo-casa-ph-3-ambientes-en-palermo-1924-_JM,Alquiler De Departamento Tipo Casa Ph 3 Ambientes En Palermo (1924),Ph,40000.0,ARS,58,3
702,2020_04_25,-34.5618684,-58.4524515,https://departamento.mercadolibre.com.ar/MLA-850916132-departamentos-alquiler-belgrano-_JM,Departamentos Alquiler Belgrano,Departamento,39000.0,ARS,90,3
706,2020_04_25,-34.6006877,-58.5143934,https://departamento.mercadolibre.com.ar/MLA-850922928-departamentos-alquiler-villa-devoto-_JM,Departamentos Alquiler Villa Devoto,Departamento,65000.0,ARS,222,3
707,2020_04_25,-34.5708431,-58.4330643,https://departamento.mercadolibre.com.ar/MLA-850926207-departamento-las-canitas-tres-amb-impecable-con-pileta-y-parrilla-_JM,Departamento - Las Cañitas - Tres Amb Impecable Con Pileta Y Parrilla!,Departamento,115000.0,ARS,75,3
710,2020_04_25,-34.627387,-58.480104,https://departamento.mercadolibre.com.ar/MLA-850929127-tres-ambientes-comodo-en-zona-comercial-floresta-_JM,Tres Ambientes Cómodo En Zona Comercial Floresta,Departamento,18000.0,ARS,69,3
725,2020_04_25,-34.6007978,-58.4418085,https://departamento.mercadolibre.com.ar/MLA-851053226-departamento-villa-crespo-_JM,Departamento - Villa Crespo,Departamento,24000.0,ARS,75,3
728,2020_04_25,-34.5995151,-58.4017763,https://departamento.mercadolibre.com.ar/MLA-851109406-3-ambientes-contra-frente-super-luminoso--_JM,3 Ambientes Contra Frente  Super Luminoso !!!!!,Departamento,22000.0,ARS,55,3
735,2020_04_25,-34.620124,-58.389308,https://departamento.mercadolibre.com.ar/MLA-851142778-en-alquiler-3-amb-carlos-calvo-1600-_JM,"En Alquiler 3 Amb, Carlos Calvo 1600",Departamento,22000.0,ARS,66,3
740,2020_04_25,-34.587697,-58.432846,https://departamento.mercadolibre.com.ar/MLA-851150141-alquiler-temporario-3-ambientes-patio-palermo-soho-_JM,Alquiler Temporario 3 Ambientes Patio Palermo Soho,Departamento,50000.0,ARS,53,3
742,2020_04_25,-34.610439,-58.36257,https://departamento.mercadolibre.com.ar/MLA-851151440-molinos-faena-3-ambs-c-coch-todo-incluido-_JM,Molinos Faena - 3 Ambs C/ Coch - Todo Incluido,Departamento,2100.0,USD,124,3
743,2020_04_25,-34.588281,-58.388469,https://departamento.mercadolibre.com.ar/MLA-851151481-alquiler-temporario-3-ambdep-recoleta-avalvear-_JM,Alquiler Temporario 3 Amb+dep. Recoleta Av.alvear,Departamento,1350.0,USD,113,3
754,2020_04_25,-34.6241837,-58.4929314,https://departamento.mercadolibre.com.ar/MLA-851233860-departamento-3-ambientes-y-escritorio-con-cochera-_JM,Departamento 3 Ambientes Y Escritorio Con Cochera,Departamento,23000.0,ARS,81,3
764,2020_04_25,-34.5940049,-58.399876,https://departamento.mercadolibre.com.ar/MLA-851276061-departamentos-alquiler-barrio-norte-_JM,Departamentos Alquiler Barrio Norte,Departamento,10000.0,ARS,48,3
770,2020_04_25,-34.6186594,-58.3999782,https://departamento.mercadolibre.com.ar/MLA-851289528-departamentos-alquiler-almagro-_JM,Departamentos Alquiler Almagro,Departamento,24000.0,ARS,77,3
773,2020_04_25,-34.6423055,-58.371789,https://departamento.mercadolibre.com.ar/MLA-851292535-departamentos-alquiler-barracas-_JM,Departamentos Alquiler Barracas,Departamento,17500.0,ARS,65,3
776,2020_04_25,-34.596739,-58.413482,https://departamento.mercadolibre.com.ar/MLA-851300656-departamento-alquiler-3-ambientes-palermo-_JM,Departamento Alquiler 3 Ambientes Palermo,Departamento,30000.0,ARS,73,3
777,2020_04_25,-34.626944,-58.449821,https://departamento.mercadolibre.com.ar/MLA-851307715-departamento-semipiso-en-alquiler-ubicado-en-caballito-capital-federal-_JM,"Departamento Semipiso  En Alquiler Ubicado En Caballito, Capital Federal",Departamento,33000.0,ARS,75,3
781,2020_04_25,-34.5362856,-58.4674999,https://departamento.mercadolibre.com.ar/MLA-851313537-nunez-departamento-en-duplex-3-ambientes-alquiler-temporario-_JM,Nuñez. Departamento En Duplex 3 Ambientes. Alquiler Temporario.,Departamento,21240.0,ARS,64,3
790,2020_04_25,-34.584966,-58.417947,https://departamento.mercadolibre.com.ar/MLA-851362940-alquiler-departamento-3-ambientes-en-palermo-zona-botanico-_JM,"Alquiler Departamento 3 Ambientes En Palermo, Zona Botánico",Departamento,38000.0,ARS,50,3
795,2020_04_25,-34.583317,-58.41889,https://departamento.mercadolibre.com.ar/MLA-851389616-3-amb-con-dep-y-cochera-baul-con-renta-_JM,"3 Amb, Con Dep Y Cochera/ Baul - Con Renta",Departamento,249000.0,USD,107,3
808,2020_04_25,-34.5986395,-58.3973196,https://departamento.mercadolibre.com.ar/MLA-851465273-3-ambientes-junin-al-800-_JM,3 Ambientes | Junin Al 800,Departamento,1350.0,USD,100,3
810,2020_04_25,-34.5674463,-58.4333212,https://departamento.mercadolibre.com.ar/MLA-851465286-3-ambientes-tte-benjamin-matienzo-al-1600-_JM,3 Ambientes | Tte. Benjamin Matienzo  Al 1600,Departamento,26000.0,ARS,70,3
815,2020_04_25,-34.5994853,-58.3645525,https://departamento.mercadolibre.com.ar/MLA-851465323-3-ambientes-olga-cossettini-al-100-_JM,3 Ambientes | Olga Cossettini Al 100,Departamento,4200.0,USD,160,3
821,2020_04_25,-34.59024,-58.395753,https://departamento.mercadolibre.com.ar/MLA-851465401-3-ambientes-uriburu-al-1500-_JM,3 Ambientes | Uriburu Al 1500,Departamento,35000.0,ARS,80,3
822,2020_04_25,-34.5994853,-58.3645525,https://departamento.mercadolibre.com.ar/MLA-851465414-3-ambientes-olga-cossettini-al-100-_JM,3 Ambientes | Olga Cossettini Al 100,Departamento,4115.0,USD,154,3
823,2020_04_25,-34.5994853,-58.3645525,https://departamento.mercadolibre.com.ar/MLA-851465415-3-ambientes-olga-cossettini-al-100-_JM,3 Ambientes | Olga Cossettini Al 100,Departamento,4115.0,USD,154,3
825,2020_04_25,-34.5994853,-58.3645525,https://departamento.mercadolibre.com.ar/MLA-851465420-3-ambientes-olga-cossettini-al-100-_JM,3 Ambientes | Olga Cossettini Al 100,Departamento,4115.0,USD,139,3
827,2020_04_25,-34.5994853,-58.3645525,https://departamento.mercadolibre.com.ar/MLA-851465432-3-ambientes-olga-cossettini-al-100-_JM,3 Ambientes | Olga Cossettini Al 100,Departamento,3820.0,USD,154,3
828,2020_04_25,-34.5775299,-58.4142962,https://departamento.mercadolibre.com.ar/MLA-851465448-3-ambientes-con-gran-balcon-en-inmejorable-ubicacion-_JM,3 Ambientes Con Gran Balcon En Inmejorable Ubicacion,Departamento,1100.0,USD,90,3
829,2020_04_25,-34.5912366,-58.4097165,https://departamento.mercadolibre.com.ar/MLA-851465451-3-ambientes-guemes-al-3100-_JM,3 Ambientes | Guemes Al 3100,Departamento,42000.0,ARS,60,3
831,2020_04_25,-34.5989901,-58.3715441,https://departamento.mercadolibre.com.ar/MLA-851465462-3-ambientes-25-de-mayo-al-700-_JM,3 Ambientes | 25 De Mayo Al 700,Departamento,32000.0,ARS,65,3
834,2020_04_25,-34.595508,-58.386825,https://departamento.mercadolibre.com.ar/MLA-851465529-3-ambientes-av-santa-fe-al-1300-_JM,3 Ambientes | Av. Santa Fe Al 1300,Departamento,1500.0,USD,110,3
837,2020_04_25,-34.587337,-58.3953081,https://departamento.mercadolibre.com.ar/MLA-851465795-3-ambientes-vicente-lopez-al-2200-_JM,3 Ambientes | Vicente Lopez Al 2200,Departamento,1590.0,USD,60,3
845,2020_04_25,-34.5994853,-58.3645525,https://departamento.mercadolibre.com.ar/MLA-851465905-3-ambientes-olga-cossettini-al-100-_JM,3 Ambientes | Olga Cossettini Al 100,Departamento,4115.0,USD,154,3
846,2020_04_25,-34.6131533,-58.3624565,https://departamento.mercadolibre.com.ar/MLA-851465913-3-ambientes-juana-manso-al-1300-_JM,3 Ambientes | Juana Manso Al 1300,Departamento,1800.0,USD,94,3
848,2020_04_25,-34.5938063,-58.4056753,https://departamento.mercadolibre.com.ar/MLA-851465940-3-ambientes-anchorena-al-1300-_JM,3 Ambientes | Anchorena Al 1300,Departamento,2000.0,USD,85,3
849,2020_04_25,-34.576108,-58.423779,https://departamento.mercadolibre.com.ar/MLA-851465952-3-ambientes-juncal-al-4600-_JM,3 Ambientes | Juncal Al 4600,Departamento,40000.0,ARS,70,3
854,2020_04_25,-34.6113931,-58.373397,https://departamento.mercadolibre.com.ar/MLA-851465979-3-ambientes-moreno-al-500-_JM,3 Ambientes | Moreno Al 500,Departamento,2000.0,USD,119,3
856,2020_04_25,-34.5827017,-58.4086301,https://departamento.mercadolibre.com.ar/MLA-851466015-3-ambientes-av-las-heras-al-3400-_JM,3 Ambientes | Av Las Heras Al 3400,Departamento,1800.0,USD,65,3
858,2020_04_25,-34.6200229,-58.364968,https://departamento.mercadolibre.com.ar/MLA-851466049-3-ambientes-alicia-moreau-de-justo-al-1800-_JM,3 Ambientes | Alicia Moreau De Justo Al 1800,Departamento,3000.0,USD,115,3
861,2020_04_25,-34.5718209,-58.4317491,https://departamento.mercadolibre.com.ar/MLA-851466110-3-ambientes-baez-al-300-_JM,3 Ambientes | Baez Al 300,Departamento,1800.0,USD,80,3
864,2020_04_25,-34.5892004,-58.4092014,https://departamento.mercadolibre.com.ar/MLA-851466154-3-ambientes-billinghurst-al-1800-_JM,3 Ambientes | Billinghurst Al 1800,Departamento,4000.0,USD,100,3
865,2020_04_25,-34.5928118,-58.3851861,https://departamento.mercadolibre.com.ar/MLA-851466174-3-ambientes-juncal-al-1200-_JM,3 Ambientes | Juncal Al 1200,Departamento,1500.0,USD,82,3
867,2020_04_25,-34.5888912,-58.3829914,https://departamento.mercadolibre.com.ar/MLA-851466208-3-ambientes-libertad-al-1600-_JM,3 Ambientes | Libertad Al 1600,Departamento,1800.0,USD,75,3
869,2020_04_25,-34.5980228,-58.3850242,https://departamento.mercadolibre.com.ar/MLA-851466216-departamento-en-alquiler-temporal-en-recoleta-_JM,Departamento En Alquiler Temporal En Recoleta,Departamento,1300.0,USD,60,3
873,2020_04_25,-34.5933943,-58.4153054,https://departamento.mercadolibre.com.ar/MLA-851466249-departamento-en-alquiler-temporal-en-palermo-_JM,Departamento En Alquiler Temporal En Palermo,Departamento,2500.0,USD,80,3
875,2020_04_25,-34.5908057,-58.3964089,https://departamento.mercadolibre.com.ar/MLA-851466295-3-ambientes-presidente-jose-uriburu-al-1500-_JM,3 Ambientes | Presidente Jose Uriburu Al 1500,Departamento,1500.0,USD,74,3
879,2020_04_25,-34.5834337,-58.4052674,https://departamento.mercadolibre.com.ar/MLA-851466387-departamento-en-alquiler-temporal-en-palermo-_JM,Departamento En Alquiler Temporal En Palermo,Departamento,1900.0,USD,65,3
881,2020_04_25,-34.5969371,-58.4083784,https://departamento.mercadolibre.com.ar/MLA-851466407-3-ambientes-cabrera-al-2900-_JM,3 Ambientes | Cabrera Al 2900,Departamento,1800.0,USD,64,3
888,2020_04_25,-34.5822641,-58.4098196,https://departamento.mercadolibre.com.ar/MLA-851466509-3-ambientes-av-las-heras-al-3500-_JM,3 Ambientes | Av. Las Heras Al 3500,Departamento,2000.0,USD,71,3
889,2020_04_25,-34.5974108,-58.4878856,https://departamento.mercadolibre.com.ar/MLA-851466523-departamento-villa-del-parque-_JM,Departamento - Villa Del Parque,Departamento,19000.0,ARS,52,3
892,2020_04_25,-34.6100394,-58.3615888,https://departamento.mercadolibre.com.ar/MLA-851466637-3-ambientes-marta-lynch-al-400-_JM,3 Ambientes | Marta Lynch Al 400,Departamento,5000.0,USD,160,3
895,2020_04_25,-34.5910709,-58.3931936,https://departamento.mercadolibre.com.ar/MLA-851466672-3-ambientes-ayacucho-al-1500-_JM,3 Ambientes | Ayacucho Al 1500,Departamento,1400.0,USD,65,3
898,2020_04_25,-34.5994853,-58.3645525,https://departamento.mercadolibre.com.ar/MLA-851466682-3-ambientes-olga-cossettini-al-100-_JM,3 Ambientes | Olga Cossettini Al 100,Departamento,4115.0,USD,150,3
899,2020_04_25,-34.5741126,-58.4215111,https://departamento.mercadolibre.com.ar/MLA-851466690-3-ambientes-godoy-cruz-al-3100-_JM,3 Ambientes | Godoy Cruz Al 3100,Departamento,1000.0,USD,80,3
903,2020_04_25,-34.6169243,-58.3611166,https://departamento.mercadolibre.com.ar/MLA-851466713-3-ambientes-aime-paine-al-1600-_JM,3 Ambientes | Aime Paine Al 1600,Departamento,2500.0,USD,92,3
905,2020_04_25,-34.6131533,-58.3624565,https://departamento.mercadolibre.com.ar/MLA-851466744-3-ambientes-juana-manso-al-1300-_JM,3 Ambientes | Juana Manso Al 1300,Departamento,2000.0,USD,100,3
906,2020_04_25,-34.593921,-58.393297,https://departamento.mercadolibre.com.ar/MLA-851466777-3-ambientes-av-callao-al-1200-_JM,3 Ambientes | Av Callao Al 1200,Departamento,1450.0,USD,70,3
907,2020_04_25,-34.5923593,-58.3767725,https://departamento.mercadolibre.com.ar/MLA-851466781-3-ambientes-basavilbaso-al-1300-_JM,3 Ambientes | Basavilbaso Al 1300,Departamento,1050.0,USD,80,3
908,2020_04_25,-34.589022,-58.4124525,https://departamento.mercadolibre.com.ar/MLA-851466785-3-ambientes-bulnes-al-1900-_JM,3 Ambientes | Bulnes Al 1900,Departamento,1920.0,USD,70,3
909,2020_04_25,-34.5787233,-58.4122256,https://departamento.mercadolibre.com.ar/MLA-851466798-disponible-3-ambientes-en-palermo--_JM,Disponible 3 Ambientes En Palermo !,Departamento,78000.0,ARS,80,3
910,2020_04_25,-34.5740866,-58.4332023,https://departamento.mercadolibre.com.ar/MLA-851466801-3-ambientes-catalina-marchi-al-200-_JM,3 Ambientes | Catalina Marchi Al 200,Departamento,1200.0,USD,75,3
911,2020_04_25,-34.5782052,-58.4353416,https://departamento.mercadolibre.com.ar/MLA-851466808-3-ambientes-ravignani-al-2100-_JM,3 Ambientes | Ravignani Al 2100,Departamento,1000.0,USD,85,3
920,2020_04_25,-34.599627,-58.3718452,https://departamento.mercadolibre.com.ar/MLA-851466899-3-ambientes-viamonte-al-300-_JM,3 Ambientes | Viamonte Al 300,Departamento,2000.0,USD,70,3
921,2020_04_25,-34.5848056,-58.4428679,https://departamento.mercadolibre.com.ar/MLA-851466908-3-ambientes-ravignani-al-1300-_JM,3 Ambientes | Ravignani Al 1300,Departamento,1500.0,USD,60,3
923,2020_04_25,-34.5896519,-58.3952369,https://departamento.mercadolibre.com.ar/MLA-851466938-3-ambientes-uriburu-al-1600-_JM,3 Ambientes | Uriburu Al 1600,Departamento,1700.0,USD,85,3
925,2020_04_25,-34.59246,-58.39729,https://departamento.mercadolibre.com.ar/MLA-851466960-3-ambientes-uriburu-al-1300-_JM,3 Ambientes | Uriburu Al 1300,Departamento,1500.0,USD,104,3
930,2020_04_25,-34.5910252,-58.4146667,https://departamento.mercadolibre.com.ar/MLA-851467058-departamento-en-alquiler-temporal-en-palermo-_JM,Departamento En Alquiler Temporal En Palermo,Departamento,1700.0,USD,70,3
931,2020_04_25,-34.5866522,-58.4230929,https://departamento.mercadolibre.com.ar/MLA-851467060-departamento-en-alquiler-temporal-en-palermo-soho-_JM,Departamento En Alquiler Temporal En Palermo Soho,Departamento,2000.0,USD,50,3
936,2020_04_25,-34.5972652,-58.413105,https://departamento.mercadolibre.com.ar/MLA-851467132-departamento-en-alquiler-temporal-en-palermo-_JM,Departamento En Alquiler Temporal En Palermo,Departamento,3810.0,USD,100,3
937,2020_04_25,-34.5944135,-58.397356,https://departamento.mercadolibre.com.ar/MLA-851467152-3-ambientes-arenales-al-2100-_JM,3 Ambientes | Arenales Al 2100,Departamento,2000.0,USD,100,3
939,2020_04_25,-34.6149768,-58.3626479,https://departamento.mercadolibre.com.ar/MLA-851467161-3-ambientes-eyle-al-300-_JM,3 Ambientes | Eyle Al 300,Departamento,6000.0,USD,130,3
940,2020_04_25,-34.5552764,-58.4595975,https://departamento.mercadolibre.com.ar/MLA-851467164-3-ambientes-ugarte-al-2200-_JM,3 Ambientes | Ugarte Al 2200,Departamento,45000.0,ARS,100,3
948,2020_04_25,-34.6147062,-58.4319026,https://departamento.mercadolibre.com.ar/MLA-851467310-departamento-en-alquiler-temporal-en-caballito-_JM,Departamento En Alquiler Temporal En Caballito,Departamento,32000.0,ARS,70,3
950,2020_04_25,-34.5866112,-58.4034919,https://departamento.mercadolibre.com.ar/MLA-851467377-departamento-en-alquiler-temporal-en-recoleta-_JM,Departamento En Alquiler Temporal En Recoleta,Departamento,32000.0,ARS,55,3
951,2020_04_25,-34.5994853,-58.3645525,https://departamento.mercadolibre.com.ar/MLA-851467384-departamento-en-alquiler-temporal-en-puerto-madero-_JM,Departamento En Alquiler Temporal En Puerto Madero,Departamento,4500.0,USD,154,3
953,2020_04_25,-34.6079883,-58.4142809,https://departamento.mercadolibre.com.ar/MLA-851467416-departamento-en-alquiler-temporal-en-abasto-_JM,Departamento En Alquiler Temporal En Abasto,Departamento,35000.0,ARS,63,3
956,2020_04_25,-34.5943528,-58.3980975,https://departamento.mercadolibre.com.ar/MLA-851467431-excelente-3-ambientes-2-banos-en-recoleta-_JM,Excelente 3 Ambientes 2 Baños En Recoleta,Departamento,1500.0,USD,76,3
958,2020_04_25,-34.587221,-58.4229793,https://departamento.mercadolibre.com.ar/MLA-851467443-departamento-en-alquiler-temporal-en-palermo-_JM,Departamento En Alquiler Temporal En Palermo,Departamento,1700.0,USD,100,3
969,2020_04_25,-34.5811654,-58.412298,https://departamento.mercadolibre.com.ar/MLA-851467551-3-ambientes-ugarteche-al-3000-_JM,3 Ambientes | Ugarteche Al 3000,Departamento,45000.0,ARS,65,3
970,2020_04_25,-34.5913915,-58.3896211,https://departamento.mercadolibre.com.ar/MLA-851467560-3-ambientes-rodriguez-pena-al-1600-_JM,3 Ambientes | Rodriguez Peña Al 1600,Departamento,1600.0,USD,82,3
972,2020_04_25,-34.5576557,-58.453611,https://departamento.mercadolibre.com.ar/MLA-851467573-3-ambientes-3-de-febrero-al-2200-_JM,3 Ambientes | 3 De Febrero Al 2200,Departamento,1600.0,USD,80,3
974,2020_04_25,-34.5880437,-58.3862302,https://departamento.mercadolibre.com.ar/MLA-851467584-tres-ambientes-en-lo-mejor-de-recoleta-_JM,Tres Ambientes En Lo Mejor De Recoleta,Departamento,65000.0,ARS,80,3
976,2020_04_25,-34.5917096,-58.428355,https://departamento.mercadolibre.com.ar/MLA-851467595-disponible-ya-triplex-diciembre-2019-_JM,Disponible Ya! Triplex !!!! Diciembre 2019!,Departamento,49000.0,ARS,100,3
977,2020_04_25,-34.5956088,-58.3954144,https://departamento.mercadolibre.com.ar/MLA-851467600-3-ambientes-santa-fe-al-1900-_JM,3 Ambientes | Santa Fe Al 1900,Departamento,1849.0,USD,60,3
983,2020_04_25,-34.5902731,-58.388371,https://departamento.mercadolibre.com.ar/MLA-851467659-3-ambientes-rodriguez-pena-al-1700-_JM,3 Ambientes | Rodriguez Peña Al 1700,Departamento,1800.0,USD,80,3
985,2020_04_25,-34.5777282,-58.4102454,https://departamento.mercadolibre.com.ar/MLA-851467707-amplio-2-ambientes-rodeado-de-espacios-verdes-_JM,Amplio 2 Ambientes Rodeado De Espacios Verdes,Departamento,28000.0,ARS,51,3
986,2020_04_25,-34.5966476,-58.4314352,https://departamento.mercadolibre.com.ar/MLA-851467727-3-ambientes-jufre-al-200-_JM,3 Ambientes | Jufre Al 200,Departamento,2300.0,USD,90,3
992,2020_04_25,-34.5829114,-58.4331664,https://departamento.mercadolibre.com.ar/MLA-851467822-3-ambientes-humboldt-al-1900-_JM,3 Ambientes | Humboldt Al 1900,Departamento,1800.0,USD,74,3
994,2020_04_25,-34.5874321,-58.4001556,https://departamento.mercadolibre.com.ar/MLA-851467878-departamento-en-alquiler-temporal-en-recoleta-_JM,Departamento En Alquiler Temporal En Recoleta,Departamento,1600.0,USD,100,3
996,2020_04_25,-34.5968135,-58.4083677,https://departamento.mercadolibre.com.ar/MLA-851467934-3-ambientes-cabrera-al-2900-_JM,3 Ambientes | Cabrera Al 2900,Departamento,1650.0,USD,74,3
1006,2020_04_25,-34.5777143,-58.4103775,https://departamento.mercadolibre.com.ar/MLA-851468123-departamento-en-alquiler-temporal-en-palermo-_JM,Departamento En Alquiler Temporal En Palermo,Departamento,30000.0,ARS,67,3
1015,2020_04_25,-34.5639332,-58.443251,https://departamento.mercadolibre.com.ar/MLA-851468260-3-ambientes-zabala-al-1700-_JM,3 Ambientes | Zabala Al 1700,Departamento,1300.0,USD,50,3
1020,2020_04_25,-34.5884831,-58.3876912,https://departamento.mercadolibre.com.ar/MLA-851468378-reciclado-tres-ambientes-en-alvear-y-callao-_JM,Reciclado -  Tres Ambientes En Alvear Y Callao.,Departamento,2000.0,USD,139,3
1022,2020_04_25,-34.5895912,-58.406138,https://departamento.mercadolibre.com.ar/MLA-851468559-departamento-en-alquiler-temporal-en-recoleta-_JM,Departamento En Alquiler Temporal En Recoleta,Departamento,3000.0,USD,70,3
1030,2020_04_25,-34.5867359,-58.4119147,https://departamento.mercadolibre.com.ar/MLA-851468684-economico-3-ambientes-en-alto-palermo-_JM,Económico 3 Ambientes En Alto Palermo,Departamento,33000.0,ARS,50,3
1031,2020_04_25,-34.6020068,-58.4269695,https://departamento.mercadolibre.com.ar/MLA-851468699-tres-ambientes-impecable-_JM,Tres Ambientes Impecable!,Departamento,35000.0,ARS,55,3
1033,2020_04_25,-34.5878836,-58.3887705,https://departamento.mercadolibre.com.ar/MLA-851468736-3-ambientes-divino-en-recoleta-_JM,3 Ambientes Divino En Recoleta!,Departamento,1500.0,USD,110,3
1039,2020_04_25,-34.5887663,-58.3873289,https://departamento.mercadolibre.com.ar/MLA-851469595-imponente-tres-ambientes-en-alvear-y-callao-_JM,Imponente Tres Ambientes En Alvear Y Callao.,Departamento,2000.0,USD,139,3
1043,2020_04_25,-34.6566819,-58.4773569,https://departamento.mercadolibre.com.ar/MLA-851503826-dno-alq-3-amb-al-fte-con-balcon-sin-expen-con-o-sin-garantia-_JM,Dño Alq 3 Amb Al Fte Con Balcon Sin Expen Con O Sin Garantia,Departamento,21000.0,ARS,60,3
1046,2020_04_25,-34.5780655,-58.4265317,https://departamento.mercadolibre.com.ar/MLA-851506195-loft-pent-house-palermo-hollywood-con-muy-buena-renta-dueno-_JM,Loft Pent House Palermo Hollywood  Con Muy Buena Renta Dueño,Departamento,398000.0,USD,98,3
